,item,referencia,tipo,codigo,descricao,unid,quantidade,bdi,preco_material_unitario,preco_material_total,preco_execucao_unitario,preco_execucao_total,preco_unitario,pre√ßo_total,Titulo,primeiro,segundo,terceiro
2,1.1.1,MKS_COMPOSICOES,COMPOSICAO,CMP_INF-SON,SONDAGEM,VB,1,"0,0%",0.0,0.0,3000.0,3000.0,3000.0,3000.0,Projeto 3 - Je2,1,1,1
4,1.2.1,MKS_COMPOSICOES,COMPOSICAO,CMP_INF-LVT,LEVANTAMENTO TOPOGRAFICO,VB,2,"0,0%",0.0,0.0,1200.0,2400.0,1200.0,2400.0,Projeto 3 - Je2,1,2,1
6,1.3.1,MKS_COMPOSICOES,COMPOSICAO,CMP_EPO-TAX-ART,TAXA ART,VB,2,"0,0%",0.0,0.0,88.78,177.56,88.78,177.56,Projeto 3 - Je2,1,3,1
8,1.4.1,MKS_COMPOSICOES,COMPOSICAO,CMP_EPO-TAX-RRT,TAXA RRT,VB,1,"0,0%",0.0,0.0,108.69,108.69,108.69,108.69,Projeto 3 - Je2,1,4,1
9,1.4.2,MKS_COMPOSICOES,COMPOSICAO,CMP_EPO-TAX-IMP,CUSTOS DE IMPRESAO E PLOTAGEM,VB,1,"0,0%",0.0,0.0,800.0,800.0,800.0,800.0,Projeto 3 - Je2,1,4,2
10,1.4.3,MKS_COMPOSICOES,COMPOSICAO,CMP_EPO-TAX-PRT,TAXA PROTOCOLO,VB,1,"0,0%",0.0,0.0,800.0,800.0,800.0,800.0,Projeto 3 - Je2,1,4,3
11,1.4.4,MKS_COMPOSICOES,COMPOSICAO,CMP_EPO-TAX-APR,APROVACAO DE PROJETOS E TAXAS,VB,1,"0,0%",0.0,0.0,2000.0,2000.0,2000.0,2000.0,Projeto 3 - Je2,1,4,4
14,2.1.1,MKS_COMPOSICOES,COMPOSICAO,CMP_CTO-CDA-EQM,CONDICAO DE ACESSO DE EQUIPAMENTOS E MATERIAIS,VB,"4,8","0,0%",0.0,0.0,2000.0,9600.0,2000.0,9600.0,Projeto 3 - Je2,2,1,1
16,2.2.1,MKS_COMPOSICOES,COMPOSICAO,CMP_CTO-TPM,INSTALACAO DE TAPUME,ML,90,"0,0%",95.34,8580.6,11.0,990.0,106.34,9570.6,Projeto 3 - Je2,2,2,1
18,2.3.1,MKS_COMPOSICOES,COMPOSICAO,CMP_TRN-LPZ-CTT,LIMPEZA DA CAMADA VEGETAL DO LOTE,M2,500,"0,0%",0.0,0.0,11.2,5600.0,11.2,5600.0,Projeto 3 - Je2,2,3,1
20,2.4.1,MKS_COMPOSICOES,COMPOSICAO,CMP_CTO-CSM-H20,CONSUMO DE AGUA DURANTE A OBRA,VB,"4,8","0,0%",200.0,960.0,0.0,0.0,200.0,960.0,Projeto 3 - Je2,2,4,1
21,2.4.2,MKS_COMPOSICOES,COMPOSICAO,CMP_CTO-CSM-ELE,CONSUMO DE ENERGIA DURANTE A OBRA,VB,"4,8","0,0%",400.0,1920.0,0.0,0.0,400.0,1920.0,Projeto 3 - Je2,2,4,2
22,2.4.3,MKS_COMPOSICOES,COMPOSICAO,CMP_CTO-BWC-PRV,BANHEIRO PROVISORIO,VB,"4,8","0,0%",0.0,0.0,1500.0,7200.0,1500.0,7200.0,Projeto 3 - Je2,2,4,3
23,2.4.4,MKS_COMPOSICOES,COMPOSICAO,CMP_CTO-CCB-GRS,CACAMBAS E GESTAO DE RESIDUOS,VB,"4,8","0,0%",0.0,0.0,1250.0,6000.0,1250.0,6000.0,Projeto 3 - Je2,2,4,4
24,2.4.5,MKS_COMPOSICOES,COMPOSICAO,CMP_CTO-CON-MTR,CONTAINER PARA MATERIAL,VB,"4,8","0,0%",0.0,0.0,1200.0,5760.0,1200.0,5760.0,Projeto 3 - Je2,2,4,5
25,2.4.6,MKS_COMPOSICOES,COMPOSICAO,CMP_CTO-EPI-5PS,EPI E PEC PARA TIME DE 5 PESSOAS,VB,"4,8","0,0%",0.0,0.0,2000.0,9600.0,2000.0,9600.0,Projeto 3 - Je2,2,4,6
27,2.5.1,MKS_COMPOSICOES,COMPOSICAO,CMP_INS-PRV,INSTALACOES PROVISORIAS DE AGUA E ENERGIA,VB,1,"0,0%",0.0,0.0,100.0,100.0,100.0,100.0,Projeto 3 - Je2,2,5,1
29,2.6.1,MKS_COMPOSICOES,COMPOSICAO,CMP_CTO-INS-PLO,INSTALACAO DE PLACA DE OBRA,VB,1,"0,0%",300.0,300.0,0.0,0.0,300.0,300.0,Projeto 3 - Je2,2,6,1
32,3.1.1,MKS_COMPOSICOES,COMPOSICAO,CMP_TRN-TER-ATR,ATERRO,M3,350,"0,0%",0.0,0.0,30.84,10793.48,30.84,10793.48,Projeto 3 - Je2,3,1,1
34,3.2.1,MKS_COMPOSICOES,COMPOSICAO,CMP_LIG-INF-CDM-MTS,LIGACOES ELETRICAS E HIDROSSANITARIAS EM CONDOMINIO - METRO QUADRADO,M2,425,"0,0%",44.0,18700.0,35.0,14875.0,79.0,33575.0,Projeto 3 - Je2,3,2,1
35,3.2.2,MKS_COMPOSICOES,COMPOSICAO,CMP_LIG-INF-CDM-UNI,LIGACOES ELETRICAS E HIDROSSANITARIAS EM CONDOMINIO - UNITARIO,VB,1,"0,0%",3500.0,3500.0,0.0,0.0,3500.0,3500.0,Projeto 3 - Je2,3,2,2
37,3.3.1,MKS_COMPOSICOES,COMPOSICAO,CMP_INF-FUN-012-RAD-TEL,CONCRETAGEM DE FUNDACAO DE RADIER COM TELA DE ACO,M2,"378,31","0,0%",126.76,47953.82,85.0,32156.35,211.76,80110.17,Projeto 3 - Je2,3,3,1
39,3.4.1,MKS_COMPOSICOES,COMPOSICAO,CMP_MUR-BLA-260,"MURO DE BLOCO APARENTE; H2,6M",ML,"139,32","0,0%",356.02,49600.09,260.0,36223.2,616.02,85823.29,Projeto 3 - Je2,3,4,1
40,3.4.2,MKS_COMPOSICOES,COMPOSICAO,CMP_REB-MUR,REBOCO DE MURO,M2,"341,63","0,0%",13.84,4728.16,25.0,8540.75,38.84,13268.91,Projeto 3 - Je2,3,4,2
41,3.4.3,MKS_COMPOSICOES,COMPOSICAO,CMP_PIN-MUR-TEX,TEXTURA ROLADA PARA MURO - BRANCA,M2,"341,82","0,0%",7.04,2405.39,23.0,7861.86,30.04,10267.25,Projeto 3 - Je2,3,4,3
44,4.1.1,MKS_COMPOSICOES,COMPOSICAO,CMP_COB-EST-TLD-SOB-FIB,ESTRUTURA DE TELHADO PARA SOBRADO COM FIBROCIMENTO,M2,"130,17","0,0%",158.51,20633.57,65.0,8461.05,223.51,29094.62,Projeto 3 - Je2,4,1,1
46,4.2.1,MKS_COMPOSICOES,COMPOSICAO,CMP_COB-CLH-RUF-BRC,CALHAS E RUFOS COM PINTURA ELETROSTATICA COR BRANCO,ML,"29,44","0,0%",121.66,3581.67,0.0,0.0,121.66,3581.67,Projeto 3 - Je2,4,2,1
47,4.2.2,MKS_COMPOSICOES,COMPOSICAO,CMP_COB-CLH-RUF-BRC,CALHAS E RUFOS COM PINTURA ELETROSTATICA COR BRANCO,ML,"73,17","0,0%",121.66,8901.86,0.0,0.0,121.66,8901.86,Projeto 3 - Je2,4,2,2
50,5.1.1,MKS_COMPOSICOES,COMPOSICAO,CMP_SUP-ALV-VED-CER-014,ALVENARIA DE VEDACAO DE BLOCO CERAMICO 014,M2,"581,76","0,0%",134.19,78065.68,80.0,46540.8,214.19,124606.48,Projeto 3 - Je2,5,1,1
52,5.2.1,MKS_COMPOSICOES,COMPOSICAO,CMP_SUP_LAJ-CON-TRL-012,CONCRETAGEM E DESFORMA - LAJE PRE FABRICADA TRELICADA,M2,"441,83","0,0%",265.31,117221.55,100.0,44183.0,365.31,161404.55,Projeto 3 - Je2,5,2,1
53,5.2.2,MKS_COMPOSICOES,COMPOSICAO,CMP_SUP_LAJ-IMP,IMPERMEABILIZACAO DE LAJE,M2,"35,04","0,0%",70.04,2454.03,100.0,3504.0,170.04,5958.03,Projeto 3 - Je2,5,2,2
55,5.3.1,MKS_COMPOSICOES,COMPOSICAO,CMP_INF-VIG-BRD-020X040,CONCRETAGEM E DESFORMA - VIGA DE BORDO; 20X40CM,ML,"90,87","0,0%",105.26,9564.81,50.0,4543.5,155.26,14108.31,Projeto 3 - Je2,5,3,1
57,5.4.1,MKS_COMPOSICOES,COMPOSICAO,CMP_SUP-PIL-CCT-CIR-040,PILAR CIRCULAR EM CONCRETO DIAMETRO 40 CM,ML,"12,8","0,0%",503.53,6445.18,300.0,3840.0,803.53,10285.18,Projeto 3 - Je2,5,4,1
58,5.4.2,MKS_COMPOSICOES,COMPOSICAO,CMP_SUP-PIL-CCT-CIR-040,PILAR CIRCULAR EM CONCRETO DIAMETRO 40 CM,ML,"12,6","0,0%",503.53,6344.48,300.0,3780.0,803.53,10124.48,Projeto 3 - Je2,5,4,2
60,5.5.1,MKS_COMPOSICOES,COMPOSICAO,CMP_SUP_ESC-CCT-ARM,ESCADA EM CONCRETO ARMADO,ML,"4,22","0,0%",602.87,2544.09,300.0,1266.0,902.87,3810.09,Projeto 3 - Je2,5,5,1
61,5.5.2,MKS_COMPOSICOES,COMPOSICAO,CMP_SUP_ESC-CCT-ARM,ESCADA EM CONCRETO ARMADO,ML,"5,53","0,0%",602.87,3333.84,300.0,1659.0,902.87,4992.84,Projeto 3 - Je2,5,5,2
64,6.1.1,MKS_COMPOSICOES,COMPOSICAO,CMP_ELE-PAA,INSTALACOES ELETRICAS - PADRAO ALTO,M2,425,"0,0%",69.3,29452.5,35.0,14875.0,104.3,44327.5,Projeto 3 - Je2,6,1,1
66,6.2.1,MKS_COMPOSICOES,COMPOSICAO,CMP_ELE-ACB-PAA,ACABAMENTOS ELETRICOS - PADRAO ALTO,M2,425,"0,0%",26.4,11220.0,12.0,5100.0,38.4,16320.0,Projeto 3 - Je2,6,2,1
69,7.1.1,MKS_COMPOSICOES,COMPOSICAO,CMP_HID-AFR-AQN-ESG,"INSTALACOES DE AGUA FRIA, AGUA QUENTE E ESGOTO",M2,425,"0,0%",93.5,39737.5,35.0,14875.0,128.5,54612.5,Projeto 3 - Je2,7,1,1
71,7.2.1,MKS_COMPOSICOES,COMPOSICAO,CMP_HIS-FQE-ACH-CAS-PAA,ACABAMENTOS HIDROSSANITARIOS NA COZINHA E AREA DE SERVICO - PADRAO ALTO,UN,1,"0,0%",680.0,680.0,0.0,0.0,680.0,680.0,Projeto 3 - Je2,7,2,1
72,7.2.2,MKS_COMPOSICOES,COMPOSICAO,CMP_HIS-FQE-ACH-BWC-PAA,ACABAMENTOS HIDROSSANITARIOS NOS BANHEIROS - PADRAO ALTO,UN,6,"0,0%",5165.0,30990.0,180.0,1080.0,5345.0,32070.0,Projeto 3 - Je2,7,2,2
75,8.1.1,MKS_COMPOSICOES,COMPOSICAO,CMP_PIS-CNT-004,CONTRAPISO 4CM,M2,"528,73","0,0%",20.15,10654.49,35.0,18505.55,55.15,29160.04,Projeto 3 - Je2,8,1,1
77,8.2.1,MKS_COMPOSICOES,COMPOSICAO,CMP_PIS-RCR-PRC-090X090-MMR-RTF-PLD-INT-AUM,PORCELANATO; 90X90CM; TEXTURA MARMORE; RETIFICADO; POLIDO; REF. INCEPA; AREA UMIDA; COM IMPERMEABILIZACAO,M2,"60,62","0,0%",314.79,19082.38,88.0,5334.56,402.79,24416.94,Projeto 3 - Je2,8,2,1
78,8.2.2,MKS_COMPOSICOES,COMPOSICAO,CMP_PIS-RCR-PRC-060X060-BCL-RTF-ACT-EXT,PORCELANATO EXTERNO; 60X60CM; BEGE CLARO; RETIFICADO; ACETINADO; REF. INCEPA,M2,"220,12","0,0%",122.88,27049.27,69.0,15188.28,191.88,42237.55,Projeto 3 - Je2,8,2,2
80,8.3.1,MKS_COMPOSICOES,COMPOSICAO,CMP_SUP-SOL-PRT-GNT-PSG,SOLEIRA DE PORTA EM GRANITO PRETO SAO GABRIEL,ML,"49,72","0,0%",58.52,2909.61,45.0,2237.4,103.52,5147.01,Projeto 3 - Je2,8,3,1
81,8.3.2,MKS_COMPOSICOES,COMPOSICAO,CMP_SUP-SOL-BOX-GNT-CLR,SOLEIRAS DE BOX EM GRANITO DE TONALIDADE CLARA,ML,"7,46","0,0%",19.54,145.73,45.0,335.7,64.54,481.43,Projeto 3 - Je2,8,3,2
83,8.4.1,MKS_COMPOSICOES,COMPOSICAO,CMP_PIS-LMN-ESC-RDP-EPS,PISO LAMINADO; TONALIDADE ESCURA; RODAPE EPS BRANCO; REF. DURAFLOOR,M2,"216,95","0,0%",92.49,20064.71,40.0,8678.0,132.49,28742.71,Projeto 3 - Je2,8,4,1
85,8.5.1,MKS_COMPOSICOES,COMPOSICAO,CMP_SUP-REV-GRN-CLR-ESC,REVESTIMENTO DE ESCADA DE GRANITO TONALIDADE CLARA,M2,"7,73","0,0%",1646.86,12730.23,120.0,927.6,1766.86,13657.83,Projeto 3 - Je2,8,5,1
86,8.5.2,MKS_COMPOSICOES,COMPOSICAO,CMP_SUP-REV-GRN-CLR-ESC,REVESTIMENTO DE ESCADA DE GRANITO TONALIDADE CLARA,M2,"5,5","0,0%",1646.86,9057.73,120.0,660.0,1766.86,9717.73,Projeto 3 - Je2,8,5,2
89,9.1.1,MKS_COMPOSICOES,COMPOSICAO,CMP_PRD-RBC-1FC,RESTANTE REBOCO INTERNO,M2,"1222,61","0,0%",26.95,32949.34,25.0,30565.25,51.95,63514.59,Projeto 3 - Je2,9,1,1
91,9.2.1,MKS_COMPOSICOES,COMPOSICAO,CMP_RVP-INT-RVC-060X030-BRN-RTF-ACT,REVESTIMENTO CERAMICO DE PAREDE; 60X30CM; BRANCO; RETIFICADO; ACETINADO; REF. PORTINARI,M2,"16,3","0,0%",214.77,3500.75,60.0,978.0,274.77,4478.75,Projeto 3 - Je2,9,2,1
92,9.2.2,MKS_COMPOSICOES,COMPOSICAO,CMP_RVP-INT-PRC-090X090-MMR-RTF-PLD,REVESTIMENTO CERAMICO DE PAREDE; 90X90CM; TEXTURA MARMORE; RETIFICADO; POLIDO; REF. INCEPA,M2,"112,77","0,0%",237.33,26763.76,78.0,8796.06,315.33,35559.82,Projeto 3 - Je2,9,2,2
93,9.2.3,MKS_COMPOSICOES,COMPOSICAO,CMP_RVP-INT-PRC-090X090-MMR-RTF-PLD,REVESTIMENTO CERAMICO DE PAREDE; 90X90CM; TEXTURA MARMORE; RETIFICADO; POLIDO; REF. INCEPA,M2,"54,89","0,0%",237.33,13027.07,78.0,4281.42,315.33,17308.49,Projeto 3 - Je2,9,2,3
95,9.3.1,MKS_COMPOSICOES,COMPOSICAO,CMP_RVP-EXT-PST-015X015-BRC,PEDRA SAO TOME BRANCA 15X15CM NA FACHADA,M2,"81,48","0,0%",377.11,30726.92,100.0,8148.0,477.11,38874.92,Projeto 3 - Je2,9,3,1
98,10.1.1,MKS_COMPOSICOES,COMPOSICAO,CMP_PRD-RBC-1FC,RESTANTE REBOCO INTERNO,M2,"47,51","0,0%",26.95,1280.39,25.0,1187.75,51.95,2468.14,Projeto 3 - Je2,10,1,1
100,10.2.1,MKS_COMPOSICOES,COMPOSICAO,CMP_FOR-GES-OBR-TBC-INT,FORRO DE GESSO  EXECUTADO EM OBRA COM TABICA E CORTINEIRO,M2,"356,25","0,0%",59.06,21040.52,30.0,10687.5,89.06,31728.02,Projeto 3 - Je2,10,2,1
101,10.2.2,MKS_COMPOSICOES,COMPOSICAO,CMP_ESQ-MET-ALC-BRC-60X60,ALCAPAO METALICO BRANCO 60X60,UN,1,"0,0%",150.26,150.26,0.0,0.0,150.26,150.26,Projeto 3 - Je2,10,2,2
104,11.1.1,MKS_COMPOSICOES,COMPOSICAO,CMP_ESQ-MET-JNL-32-VL-M2,ESQUADRIA METALICA - JANELA LINHA 32 PRETA COM VIDRO LISO POR METRO QUADRADO,M2,"0,46","0,0%",825.0,379.5,0.0,0.0,825.0,379.5,Projeto 3 - Je2,11,1,1
105,11.1.2,MKS_COMPOSICOES,COMPOSICAO,CMP_ESQ-MET-JNL-32-VL-M2,ESQUADRIA METALICA - JANELA LINHA 32 PRETA COM VIDRO LISO POR METRO QUADRADO,M2,"2,78","0,0%",825.0,2293.5,0.0,0.0,825.0,2293.5,Projeto 3 - Je2,11,1,2
106,11.1.3,MKS_COMPOSICOES,COMPOSICAO,CMP_ESQ-MET-JNL-32-VL-M2,ESQUADRIA METALICA - JANELA LINHA 32 PRETA COM VIDRO LISO POR METRO QUADRADO,M2,"1,62","0,0%",825.0,1336.5,0.0,0.0,825.0,1336.5,Projeto 3 - Je2,11,1,3
107,11.1.4,MKS_COMPOSICOES,COMPOSICAO,CMP_ESQ-MET-JNL-32-VL-M2,ESQUADRIA METALICA - JANELA LINHA 32 PRETA COM VIDRO LISO POR METRO QUADRADO,M2,"3,11","0,0%",825.0,2565.75,0.0,0.0,825.0,2565.75,Projeto 3 - Je2,11,1,4
108,11.1.5,MKS_COMPOSICOES,COMPOSICAO,CMP_ESQ-MET-JNL-32-VL-M2,ESQUADRIA METALICA - JANELA LINHA 32 PRETA COM VIDRO LISO POR METRO QUADRADO,M2,"10,92","0,0%",825.0,9009.0,0.0,0.0,825.0,9009.0,Projeto 3 - Je2,11,1,5
109,11.1.6,MKS_COMPOSICOES,COMPOSICAO,CMP_ESQ-MET-PJT-32-VL-M2,ESQUADRIA METALICA - PORTA JANELA LINHA 32 PRETA COM VIDRO LISO POR METRO QUADRADO,M2,"58,24","0,0%",1085.0,63190.4,0.0,0.0,1085.0,63190.4,Projeto 3 - Je2,11,1,6
110,11.1.7,MKS_COMPOSICOES,COMPOSICAO,CMP_ESQ-MET-PJT-32-VL-M2,ESQUADRIA METALICA - PORTA JANELA LINHA 32 PRETA COM VIDRO LISO POR METRO QUADRADO,M2,"13,42","0,0%",1085.0,14560.7,0.0,0.0,1085.0,14560.7,Projeto 3 - Je2,11,1,7
112,11.2.1,MKS_COMPOSICOES,COMPOSICAO,CMP_ESQ-PRT-MAD-070X210-BRC-SMO-CPR,PORTA INTERNA DE MADEIRA SEMI-OCA; 70X210CM; BRANCA; COM PROTECAO CONTRA UMIDADE,UN,5,"0,0%",809.42,4047.1,150.0,750.0,959.42,4797.1,Projeto 3 - Je2,11,2,1
113,11.2.2,MKS_COMPOSICOES,COMPOSICAO,CMP_ESQ-PRT-MAD-080X210-BRC-SMO,PORTA INTERNA DE MADEIRA SEMI-OCA; 80X210CM; BRANCA,UN,5,"0,0%",834.42,4172.1,150.0,750.0,984.42,4922.1,Projeto 3 - Je2,11,2,2
114,11.2.3,MKS_COMPOSICOES,COMPOSICAO,CMP_ESQ-PRT-MAD-080X210-BRC-MMC-CFR,PORTA EXTERNA DE MADEIRA MACICA; 80X210CM; BRANCA,UN,1,"0,0%",2134.72,2134.72,150.0,150.0,2284.72,2284.72,Projeto 3 - Je2,11,2,3
115,11.2.4,MKS_COMPOSICOES,COMPOSICAO,CMP_ESQ-PRT-MAD-080X210-BRC-MMC-CFR,PORTA EXTERNA DE MADEIRA MACICA; 80X210CM; BRANCA,UN,1,"0,0%",2134.72,2134.72,150.0,150.0,2284.72,2284.72,Projeto 3 - Je2,11,2,4
118,12.1.1,MKS_COMPOSICOES,COMPOSICAO,CMP_PNT-INT-BRC-ACR,PINTURA ACRILICA FOSCA; BRANCO NEVE,M2,"356,3","0,0%",9.99,3558.21,25.0,8907.5,34.99,12465.71,Projeto 3 - Je2,12,1,1
119,12.1.2,MKS_COMPOSICOES,COMPOSICAO,CMP_PNT-INT-CCL-ACR,PINTURA ACRILICA FOSCA; CINZA CLARO,M2,"492,1","0,0%",11.37,5595.45,25.0,12302.5,36.37,17897.95,Projeto 3 - Je2,12,1,2
121,12.2.1,MKS_COMPOSICOES,COMPOSICAO,CMP_PNT-EXT-MCL-TXT-PRJ,TEXTURA PROJETADA COR MARROM CLARO,M2,"20,42","0,0%",8.96,183.02,28.0,571.76,36.96,754.78,Projeto 3 - Je2,12,2,1
122,12.2.2,MKS_COMPOSICOES,COMPOSICAO,CMP_PNT-EXT-CCL-TXT-PRJ,TEXTURA PROJETADA COR CINZA CLARO,M2,"310,85","0,0%",8.96,2786.15,28.0,8703.8,36.96,11489.95,Projeto 3 - Je2,12,2,2
123,12.2.3,MKS_COMPOSICOES,COMPOSICAO,CMP_PNT-EXT-MES-TXT-PRJ,TEXTURA PROJETADA COR MARROM ESCURO,M2,"5,15","0,0%",8.96,46.16,28.0,144.2,36.96,190.36,Projeto 3 - Je2,12,2,3
124,12.2.4,MKS_COMPOSICOES,COMPOSICAO,CMP_PNT-EXT-MCL-TXT-PRJ,TEXTURA PROJETADA COR MARROM CLARO,M2,"31,32","0,0%",8.96,280.72,28.0,876.96,36.96,1157.68,Projeto 3 - Je2,12,2,4
125,12.2.5,MKS_COMPOSICOES,COMPOSICAO,CMP_PNT-EXT-MES-TXT-PRJ,TEXTURA PROJETADA COR MARROM ESCURO,M2,"72,45","0,0%",8.96,649.37,28.0,2028.6,36.96,2677.97,Projeto 3 - Je2,12,2,5
128,13.1.1,MKS_COMPOSICOES,COMPOSICAO,CMP_GAS-ABG,TUBULACAO DE GAS E ABRIGO,UN,3,"0,0%",700.0,2100.0,850.0,2550.0,1550.0,4650.0,Projeto 3 - Je2,13,1,1
130,13.2.1,MKS_COMPOSICOES,COMPOSICAO,CMP_ICP-GDC-VDR-TOR,GUARDA CORPO VIDRO ,ML,"41,95","0,0%",1100.0,46145.0,0.0,0.0,1100.0,46145.0,Projeto 3 - Je2,13,2,1
132,13.3.1,MKS_COMPOSICOES,COMPOSICAO,CMP_ICP-CHR-PMC-065X055,CHURRASQUEIRA PRE MOLDADA DE CONCRETO,UN,1,"0,0%",4535.0,4535.0,0.0,0.0,4535.0,4535.0,Projeto 3 - Je2,13,3,1
134,13.4.1,MKS_COMPOSICOES,COMPOSICAO,CMP_ACB-INT-PRT-GNT-CLR,PRATELEIRA DE BOX EM GRANITO DE TONALIDADE CLARA,ML,"19,4","0,0%",55.0,1067.0,45.0,873.0,100.0,1940.0,Projeto 3 - Je2,13,4,1
136,13.5.1,MKS_COMPOSICOES,COMPOSICAO,CMP_ICP-PSC-160-GRD,"PISCINA GRANDE H1,60 EM CONCRETO ARMADO IMPERMEABILIZADA COM PASTILHAS SEM EQUIPAMENTOS",M2,"37,26","0,0%",2460.0,91659.6,0.0,0.0,2460.0,91659.6,Projeto 3 - Je2,13,5,1
139,14.1.1,MKS_COMPOSICOES,COMPOSICAO,CMP_CAL-INT-CCG,CALCADA INTERNA DE CONCREGRAMA,M2,"15,85","0,0%",191.13,3029.33,35.0,554.75,226.13,3584.08,Projeto 3 - Je2,14,1,1
140,14.1.2,MKS_COMPOSICOES,COMPOSICAO,CMP_CAL-INT-VAS,CALCADA INTERNA DE CONCRETO VASSOURADO,M2,"16,94","0,0%",46.63,789.95,30.0,508.2,76.63,1298.15,Projeto 3 - Je2,14,1,2
141,14.1.3,MKS_COMPOSICOES,COMPOSICAO,CMP_CAL-INT-DEC-MAD,CALCADA EM DECK DE MADEIRA,M2,"44,98","0,0%",398.63,17930.49,192.5,8658.65,591.13,26589.14,Projeto 3 - Je2,14,1,3
143,14.2.1,MKS_COMPOSICOES,COMPOSICAO,CMP_CAL-EXT-PAV,CALCADA DE BLOCO INTERTRAVADO PAVER,M2,"35,47","0,0%",52.45,1860.4,35.0,1241.45,87.45,3101.85,Projeto 3 - Je2,14,2,1
145,14.3.1,MKS_COMPOSICOES,COMPOSICAO,CMP_ACB-GRM-ESM,GRAMA ESMERALDA,M2,"101,57","0,0%",16.5,1675.91,0.0,0.0,16.5,1675.91,Projeto 3 - Je2,14,3,1
147,14.4.1,MKS_COMPOSICOES,COMPOSICAO,CMP_LAF-LPZ-FNL-OBR,LIMPEZA FINAL DE OBRA,M2,600,"0,0%",0.0,0.0,11.5,6900.0,11.5,6900.0,Projeto 3 - Je2,14,4,1
150,15.1.1,MKS_COMPOSICOES,COMPOSICAO,CMP_FNO-FOR-ENT,"FORMALIZACAO DA ENTREGA VISTORIA, ACEITE",VB,1,"11,6%",0.0,0.0,1.12,1.12,1.12,1.12,Projeto 3 - Je2,15,1,1
153,16.1.1,MKS_COMPOSICOES,COMPOSICAO,CMP_EPO-TAX-AVR,TAXA AVERBACAO,VB,1,"0,0%",0.0,0.0,502.85,502.85,502.85,502.85,Projeto 3 - Je2,16,1,1
154,16.1.2,MKS_COMPOSICOES,COMPOSICAO,CMP_EPO-TAX-HBT,TAXA HABITE-SE PREFEITURA,VB,1,"0,0%",0.0,0.0,150.0,150.0,150.0,150.0,Projeto 3 - Je2,16,1,2
155,16.1.3,MKS_COMPOSICOES,COMPOSICAO,CMP_EPO-TAX-VCA,TAXA VISTORIA CONCESSIONARIA DE AGUA,VB,1,"0,0%",0.0,0.0,260.0,260.0,260.0,260.0,Projeto 3 - Je2,16,1,3
2,1.1.1,MKS_COMPOSICOES,COMPOSICAO,CMP_INF-SON,SONDAGEM,VB,1,"0,0%",0.0,0.0,3000.0,3000.0,3000.0,3000.0,Projeto 2 - Ca,1,1,1
4,1.2.1,MKS_COMPOSICOES,COMPOSICAO,CMP_INF-LVT,LEVANTAMENTO TOPOGRAFICO,VB,1,"0,0%",0.0,0.0,1200.0,1200.0,1200.0,1200.0,Projeto 2 - Ca,1,2,1
6,1.3.1,MKS_COMPOSICOES,COMPOSICAO,CMP_EPO-TAX-APR,APROVACAO DE PROJETOS E TAXAS,VB,1,"0,0%",0.0,0.0,2000.0,2000.0,2000.0,2000.0,Projeto 2 - Ca,1,3,1
7,1.3.2,MKS_COMPOSICOES,COMPOSICAO,CMP_EPO-TAX-IMP,CUSTOS DE IMPRESAO E PLOTAGEM,VB,1,"0,0%",0.0,0.0,800.0,800.0,800.0,800.0,Projeto 2 - Ca,1,3,2
8,1.3.3,MKS_COMPOSICOES,COMPOSICAO,CMP_EPO-TAX-RRT,TAXA RRT,VB,1,"0,0%",0.0,0.0,108.69,108.69,108.69,108.69,Projeto 2 - Ca,1,3,3
9,1.3.4,MKS_COMPOSICOES,COMPOSICAO,CMP_EPO-TAX-PRT,TAXA PROTOCOLO,VB,1,"0,0%",0.0,0.0,800.0,800.0,800.0,800.0,Projeto 2 - Ca,1,3,4
11,1.4.1,MKS_COMPOSICOES,COMPOSICAO,CMP_EPO-TAX-ART,TAXA ART,VB,2,"0,0%",0.0,0.0,88.78,177.56,88.78,177.56,Projeto 2 - Ca,1,4,1
14,2.1.1,MKS_COMPOSICOES,COMPOSICAO,CMP_TRN-LPZ-CTT,LIMPEZA DA CAMADA VEGETAL DO LOTE,M2,300,"0,0%",0.0,0.0,11.2,3360.0,11.2,3360.0,Projeto 2 - Ca,2,1,1
16,2.2.1,MKS_COMPOSICOES,COMPOSICAO,CMP_CTO-CSM-H20,CONSUMO DE AGUA DURANTE A OBRA,VB,"3,6","0,0%",200.0,720.0,0.0,0.0,200.0,720.0,Projeto 2 - Ca,2,2,1
17,2.2.2,MKS_COMPOSICOES,COMPOSICAO,CMP_CTO-CSM-ELE,CONSUMO DE ENERGIA DURANTE A OBRA,VB,"3,6","0,0%",400.0,1440.0,0.0,0.0,400.0,1440.0,Projeto 2 - Ca,2,2,2
18,2.2.3,MKS_COMPOSICOES,COMPOSICAO,CMP_CTO-BWC-PRV,BANHEIRO PROVISORIO,VB,"3,6","0,0%",0.0,0.0,1500.0,5400.0,1500.0,5400.0,Projeto 2 - Ca,2,2,3
19,2.2.4,MKS_COMPOSICOES,COMPOSICAO,CMP_CTO-CCB-GRS,CACAMBAS E GESTAO DE RESIDUOS,VB,"3,6","0,0%",0.0,0.0,1250.0,4500.0,1250.0,4500.0,Projeto 2 - Ca,2,2,4
20,2.2.5,MKS_COMPOSICOES,COMPOSICAO,CMP_CTO-CON-MTR,CONTAINER PARA MATERIAL,VB,"3,6","0,0%",0.0,0.0,1200.0,4320.0,1200.0,4320.0,Projeto 2 - Ca,2,2,5
21,2.2.6,MKS_COMPOSICOES,COMPOSICAO,CMP_CTO-EPI-5PS,EPI E PEC PARA TIME DE 5 PESSOAS,VB,"3,6","0,0%",0.0,0.0,2000.0,7200.0,2000.0,7200.0,Projeto 2 - Ca,2,2,6
23,2.3.1,MKS_COMPOSICOES,COMPOSICAO,CMP_CTO-TPM,INSTALACAO DE TAPUME,ML,80,"0,0%",95.34,7627.2,11.0,880.0,106.34,8507.2,Projeto 2 - Ca,2,3,1
25,2.4.1,MKS_COMPOSICOES,COMPOSICAO,CMP_CTO-INS-PLO,INSTALACAO DE PLACA DE OBRA,VB,1,"0,0%",300.0,300.0,0.0,0.0,300.0,300.0,Projeto 2 - Ca,2,4,1
27,2.5.1,MKS_COMPOSICOES,COMPOSICAO,CMP_CTO-CDA-EQM,CONDICAO DE ACESSO DE EQUIPAMENTOS E MATERIAIS,VB,"1,8","0,0%",0.0,0.0,2000.0,3600.0,2000.0,3600.0,Projeto 2 - Ca,2,5,1
29,2.6.1,MKS_COMPOSICOES,COMPOSICAO,CMP_INS-PRV,INSTALACOES PROVISORIAS DE AGUA E ENERGIA,VB,1,"0,0%",0.0,0.0,100.0,100.0,100.0,100.0,Projeto 2 - Ca,2,6,1
32,3.1.1,MKS_COMPOSICOES,COMPOSICAO,CMP_LIG-INF-CDM-MTS,LIGACOES ELETRICAS E HIDROSSANITARIAS EM CONDOMINIO - METRO QUADRADO,M2,250,"0,0%",44.0,11000.0,35.0,8750.0,79.0,19750.0,Projeto 2 - Ca,3,1,1
33,3.1.2,MKS_COMPOSICOES,COMPOSICAO,CMP_LIG-INF-CDM-UNI,LIGACOES ELETRICAS E HIDROSSANITARIAS EM CONDOMINIO - UNITARIO,VB,1,"0,0%",3500.0,3500.0,0.0,0.0,3500.0,3500.0,Projeto 2 - Ca,3,1,2
35,3.2.1,MKS_COMPOSICOES,COMPOSICAO,CMP_INF-FUN-012-RAD-FIB,CONCRETAGEM DE FUNDACAO DE RADIER COM FIBRA DE ACO,M2,"161,55","0,0%",125.51,20276.74,85.0,13731.75,210.51,34008.49,Projeto 2 - Ca,3,2,1
37,3.3.1,MKS_COMPOSICOES,COMPOSICAO,CMP_MUR-BLA-260,"MURO DE BLOCO APARENTE; H2,6M",ML,"44,28","0,0%",356.02,15764.37,260.0,11512.8,616.02,27277.17,Projeto 2 - Ca,3,3,1
38,3.3.2,MKS_COMPOSICOES,COMPOSICAO,CMP_REB-MUR,REBOCO DE MURO,M2,"224,01","0,0%",13.84,3100.3,25.0,5600.25,38.84,8700.55,Projeto 2 - Ca,3,3,2
39,3.3.3,MKS_COMPOSICOES,COMPOSICAO,CMP_PIN-MUR-TEX,TEXTURA ROLADA PARA MURO - BRANCA,M2,"6,83","0,0%",7.04,48.06,23.0,157.09,30.04,205.15,Projeto 2 - Ca,3,3,3
40,3.3.4,MKS_COMPOSICOES,COMPOSICAO,CMP_PIN-MUR-TEX,TEXTURA ROLADA PARA MURO - BRANCA,M2,"193,28","0,0%",7.04,1360.11,23.0,4445.44,30.04,5805.55,Projeto 2 - Ca,3,3,4
41,3.3.5,MKS_COMPOSICOES,COMPOSICAO,CMP_PIN-MUR-TEX,TEXTURA ROLADA PARA MURO - BRANCA,M2,"1,79","0,0%",7.04,12.6,23.0,41.17,30.04,53.77,Projeto 2 - Ca,3,3,5
43,3.4.1,MKS_COMPOSICOES,COMPOSICAO,CMP_INF-PRT-220-PED-ABR,"PORTAO DE PEDESTRE; ABRIR; H2,2M",UN,"1,3","0,0%",2200.0,2860.0,0.0,0.0,2200.0,2860.0,Projeto 2 - Ca,3,4,1
44,3.4.2,MKS_COMPOSICOES,COMPOSICAO,CMP_INF-PRT-420-VEI-BSC,"PORTAO DE VEICULO BASCULANTE 4,2M H2,4M",UN,1,"0,0%",13440.0,13440.0,0.0,0.0,13440.0,13440.0,Projeto 2 - Ca,3,4,2
47,4.1.1,MKS_COMPOSICOES,COMPOSICAO,CMP_COB-EST-TLD-SOB-FIB,ESTRUTURA DE TELHADO PARA SOBRADO COM FIBROCIMENTO,M2,"127,46","0,0%",158.51,20204.0,65.0,8284.9,223.51,28488.9,Projeto 2 - Ca,4,1,1
49,4.2.1,MKS_COMPOSICOES,COMPOSICAO,CMP_COB-CLH-RUF-BRC,CALHAS E RUFOS COM PINTURA ELETROSTATICA COR BRANCO,ML,"35,89","0,0%",121.66,4366.38,0.0,0.0,121.66,4366.38,Projeto 2 - Ca,4,2,1
50,4.2.2,MKS_COMPOSICOES,COMPOSICAO,CMP_COB-CLH-RUF-BRC,CALHAS E RUFOS COM PINTURA ELETROSTATICA COR BRANCO,ML,"3,79","0,0%",121.66,461.09,0.0,0.0,121.66,461.09,Projeto 2 - Ca,4,2,2
51,4.2.3,MKS_COMPOSICOES,COMPOSICAO,CMP_COB-CLH-RUF-BRC,CALHAS E RUFOS COM PINTURA ELETROSTATICA COR BRANCO,ML,"3,79","0,0%",121.66,461.09,0.0,0.0,121.66,461.09,Projeto 2 - Ca,4,2,3
52,4.2.4,MKS_COMPOSICOES,COMPOSICAO,CMP_COB-CLH-RUF-BRC,CALHAS E RUFOS COM PINTURA ELETROSTATICA COR BRANCO,ML,"7,66","0,0%",121.66,931.92,0.0,0.0,121.66,931.92,Projeto 2 - Ca,4,2,4
53,4.2.5,MKS_COMPOSICOES,COMPOSICAO,CMP_COB-CLH-RUF-BRC,CALHAS E RUFOS COM PINTURA ELETROSTATICA COR BRANCO,ML,"17,54","0,0%",121.66,2133.92,0.0,0.0,121.66,2133.92,Projeto 2 - Ca,4,2,5
54,4.2.6,MKS_COMPOSICOES,COMPOSICAO,CMP_COB-CLH-RUF-BRC,CALHAS E RUFOS COM PINTURA ELETROSTATICA COR BRANCO,ML,"34,54","0,0%",121.66,4202.14,0.0,0.0,121.66,4202.14,Projeto 2 - Ca,4,2,6
55,4.2.7,MKS_COMPOSICOES,COMPOSICAO,CMP_COB-CLH-RUF-BRC,CALHAS E RUFOS COM PINTURA ELETROSTATICA COR BRANCO,ML,"53,66","0,0%",121.66,6528.28,0.0,0.0,121.66,6528.28,Projeto 2 - Ca,4,2,7
56,4.2.8,MKS_COMPOSICOES,COMPOSICAO,CMP_COB-CLH-RUF-BRC,CALHAS E RUFOS COM PINTURA ELETROSTATICA COR BRANCO,ML,"35,19","0,0%",121.66,4281.22,0.0,0.0,121.66,4281.22,Projeto 2 - Ca,4,2,8
59,5.1.1,MKS_COMPOSICOES,COMPOSICAO,CMP_SUP-ALV-VED-CER-014,ALVENARIA DE VEDACAO DE BLOCO CERAMICO 014,M2,"180,83","0,0%",134.19,24265.36,80.0,14466.4,214.19,38731.76,Projeto 2 - Ca,5,1,1
60,5.1.2,MKS_COMPOSICOES,COMPOSICAO,CMP_SUP-ALV-VED-CER-009,ALVENARIA DE VEDACAO DE BLOCO CERAMICO 009,M2,"481,23","0,0%",116.57,56099.29,80.0,38498.4,196.57,94597.69,Projeto 2 - Ca,5,1,2
62,5.2.1,MKS_COMPOSICOES,COMPOSICAO,CMP_SUP_LAJ-CON-TRL-012,CONCRETAGEM E DESFORMA - LAJE PRE FABRICADA TRELICADA,M2,"207,94","0,0%",265.31,55168.39,100.0,20794.0,365.31,75962.39,Projeto 2 - Ca,5,2,1
63,5.2.2,MKS_COMPOSICOES,COMPOSICAO,CMP_SUP_LAJ-CON-TRL-012-INC,CONCRETAGEM E DESFORMA - LAJE PRE FABRICADA TRELICADA INCLINADA ATE 2 POR CENTO,M2,"27,09","0,0%",321.84,8718.74,205.0,5553.45,526.84,14272.19,Projeto 2 - Ca,5,2,2
65,5.3.1,MKS_COMPOSICOES,COMPOSICAO,CMP_INF-VIG-BRD-020X040,CONCRETAGEM E DESFORMA - VIGA DE BORDO; 20X40CM,ML,"9,63","0,0%",105.26,1013.64,50.0,481.5,155.26,1495.14,Projeto 2 - Ca,5,3,1
67,5.4.1,MKS_COMPOSICOES,COMPOSICAO,CMP_SUP_ESC-CCT-ARM,ESCADA EM CONCRETO ARMADO,ML,"4,67","0,0%",602.87,2815.38,300.0,1401.0,902.87,4216.38,Projeto 2 - Ca,5,4,1
70,6.1.1,MKS_COMPOSICOES,COMPOSICAO,CMP_ELE-PAA,INSTALACOES ELETRICAS - PADRAO ALTO,M2,250,"0,0%",69.3,17325.0,35.0,8750.0,104.3,26075.0,Projeto 2 - Ca,6,1,1
72,6.2.1,MKS_COMPOSICOES,COMPOSICAO,CMP_ELE-ACB-PAA,ACABAMENTOS ELETRICOS - PADRAO ALTO,M2,250,"0,0%",26.4,6600.0,12.0,3000.0,38.4,9600.0,Projeto 2 - Ca,6,2,1
75,7.1.1,MKS_COMPOSICOES,COMPOSICAO,CMP_HID-AFR-AQN-ESG,"INSTALACOES DE AGUA FRIA, AGUA QUENTE E ESGOTO",M2,250,"0,0%",93.5,23375.0,35.0,8750.0,128.5,32125.0,Projeto 2 - Ca,7,1,1
77,7.2.1,MKS_COMPOSICOES,COMPOSICAO,CMP_HIS-FQE-ACH-CAS-PAA,ACABAMENTOS HIDROSSANITARIOS NA COZINHA E AREA DE SERVICO - PADRAO ALTO,UN,2,"0,0%",680.0,1360.0,0.0,0.0,680.0,1360.0,Projeto 2 - Ca,7,2,1
78,7.2.2,MKS_COMPOSICOES,COMPOSICAO,CMP_HIS-FQE-ACH-BWC-PAA,ACABAMENTOS HIDROSSANITARIOS NOS BANHEIROS - PADRAO ALTO,UN,4,"0,0%",5165.0,20660.0,180.0,720.0,5345.0,21380.0,Projeto 2 - Ca,7,2,2
81,8.1.1,MKS_COMPOSICOES,COMPOSICAO,CMP_PIS-CNT-004,CONTRAPISO 4CM,M2,"218,96","0,0%",20.15,4412.28,35.0,7663.6,55.15,12075.88,Projeto 2 - Ca,8,1,1
83,8.2.1,MKS_COMPOSICOES,COMPOSICAO,CMP_PIS-RCR-PRC-060X060-CCL-RTF-ACT-INT,PORCELANATO; 60X60CM; CINZA CLARO; RETIFICADO; ACETINADO; REF. INCEPA; AREA SECA,M2,"8,94","0,0%",132.25,1182.32,79.0,706.26,211.25,1888.58,Projeto 2 - Ca,8,2,1
84,8.2.2,MKS_COMPOSICOES,COMPOSICAO,CMP_PIS-RCR-PRC-060X060-CCL-RTF-ACT-INT-AUM,PORCELANATO; 60X60CM; CINZA CLARO; RETIFICADO; ACETINADO; REF. INCEPA; AREA UMIDA; COM IMPERMEABILIZACAO,M2,"29,22","0,0%",183.26,5354.95,69.0,2016.18,252.26,7371.13,Projeto 2 - Ca,8,2,2
85,8.2.3,MKS_COMPOSICOES,COMPOSICAO,CMP_PIS-RCR-PRC-060X060-CCL-RTF-ACT-EXT,PORCELANATO EXTERNO; 60X60CM; CINZA CLARO; RETIFICADO; ACETINADO; REF. INCEPA; AREA UMIDA; COM IMPERMEABILIZACAO,M2,"77,33","0,0%",264.67,20466.58,69.0,5335.77,333.67,25802.35,Projeto 2 - Ca,8,2,3
87,8.3.1,MKS_COMPOSICOES,COMPOSICAO,CMP_SUP-SOL-PRT-GNT-PSG,SOLEIRA DE PORTA EM GRANITO PRETO SAO GABRIEL,ML,"8,41","0,0%",58.52,492.15,45.0,378.45,103.52,870.6,Projeto 2 - Ca,8,3,1
88,8.3.2,MKS_COMPOSICOES,COMPOSICAO,CMP_SUP-SOL-PRT-GNT-PSG,SOLEIRA DE PORTA EM GRANITO PRETO SAO GABRIEL,ML,"20,36","0,0%",58.52,1191.47,45.0,916.2,103.52,2107.67,Projeto 2 - Ca,8,3,2
89,8.3.3,MKS_COMPOSICOES,COMPOSICAO,CMP_SUP-SOL-BOX-GNT-CLR,SOLEIRAS DE BOX EM GRANITO DE TONALIDADE CLARA,ML,"3,35","0,0%",19.54,65.44,45.0,150.75,64.54,216.19,Projeto 2 - Ca,8,3,3
91,8.4.1,MKS_COMPOSICOES,COMPOSICAO,CMP_PIS-LMN-CLR-RDP-EPS,PISO LAMINADO; TONALIDADE CLARA; RODAPE EPS BRANCO; REF. DURAFLOOR,M2,"102,1","0,0%",92.49,9442.76,40.0,4084.0,132.49,13526.76,Projeto 2 - Ca,8,4,1
93,8.5.1,MKS_COMPOSICOES,COMPOSICAO,CMP_SUP-REV-GRN-CLR-ESC,REVESTIMENTO DE ESCADA DE GRANITO TONALIDADE CLARA,M2,"5,14","0,0%",1646.86,8464.86,120.0,616.8,1766.86,9081.66,Projeto 2 - Ca,8,5,1
96,9.1.1,MKS_COMPOSICOES,COMPOSICAO,CMP_PRD-RBC-1FC,RESTANTE REBOCO INTERNO,M2,"1251,39","0,0%",26.95,33724.96,25.0,31284.75,51.95,65009.71,Projeto 2 - Ca,9,1,1
98,9.2.1,MKS_COMPOSICOES,COMPOSICAO,CMP_RVP-INT-RVC-060X030-BRN-RTF-ACT,REVESTIMENTO CERAMICO DE PAREDE; 60X30CM; BRANCO; RETIFICADO; ACETINADO; REF. PORTINARI,M2,"20,41","0,0%",214.77,4383.46,60.0,1224.6,274.77,5608.06,Projeto 2 - Ca,9,2,1
99,9.2.2,MKS_COMPOSICOES,COMPOSICAO,CMP_RVP-INT-RVC-060X030-BRN-RTF-ACT,REVESTIMENTO CERAMICO DE PAREDE; 60X30CM; BRANCO; RETIFICADO; ACETINADO; REF. PORTINARI,M2,"27,14","0,0%",214.77,5828.86,60.0,1628.4,274.77,7457.26,Projeto 2 - Ca,9,2,2
100,9.2.3,MKS_COMPOSICOES,COMPOSICAO,CMP_RVP-INT-PRC-060X060-CCL-RTF-ACT,REVESTIMENTO CERAMICO DE PAREDE; 60X60CM; CINCA CLARO; RETIFICADO; ACETINADO; REF. INCEPA,M2,"47,11","0,0%",111.75,5264.75,69.0,3250.59,180.75,8515.34,Projeto 2 - Ca,9,2,3
101,9.2.4,MKS_COMPOSICOES,COMPOSICAO,CMP_RVP-INT-PRC-060X060-CCL-RTF-ACT,REVESTIMENTO CERAMICO DE PAREDE; 60X60CM; CINCA CLARO; RETIFICADO; ACETINADO; REF. INCEPA,M2,"27,21","0,0%",111.75,3040.84,69.0,1877.49,180.75,4918.33,Projeto 2 - Ca,9,2,4
103,9.3.1,MKS_COMPOSICOES,COMPOSICAO,CMP_RVP-EXT-PRC-120X020-MAD-RET-ACT,"PORCELANATO MADEIRA NA FACHADA. REF. INCEPA, PP ARBOL CARVALHO, 120X20CM",M2,"25,14","0,0%",198.21,4982.87,100.0,2514.0,298.21,7496.87,Projeto 2 - Ca,9,3,1
106,10.1.1,MKS_COMPOSICOES,COMPOSICAO,CMP_PRD-RBC-1FC,RESTANTE REBOCO INTERNO,M2,"54,84","0,0%",26.95,1477.94,25.0,1371.0,51.95,2848.94,Projeto 2 - Ca,10,1,1
108,10.2.1,MKS_COMPOSICOES,COMPOSICAO,CMP_FOR-GES-OBR-TBC-INT,FORRO DE GESSO  EXECUTADO EM OBRA COM TABICA E CORTINEIRO,M2,"170,54","0,0%",59.06,10072.28,30.0,5116.2,89.06,15188.48,Projeto 2 - Ca,10,2,1
109,10.2.2,MKS_COMPOSICOES,COMPOSICAO,CMP_ESQ-MET-ALC-BRC-60X60,ALCAPAO METALICO BRANCO 60X60,UN,1,"0,0%",150.26,150.26,0.0,0.0,150.26,150.26,Projeto 2 - Ca,10,2,2
112,11.1.1,MKS_COMPOSICOES,COMPOSICAO,CMP_AAB-AB-16-LS_060X060,PORTA EM ALUMINIO BRANCO UMA FOLHA DE ABRIR - 60 X 60,UN,1,"0,0%",540.0,540.0,0.0,0.0,540.0,540.0,Projeto 2 - Ca,11,1,1
113,11.1.2,MKS_COMPOSICOES,COMPOSICAO,CMP_ESQ-MET-JNL-32-VL-M2,ESQUADRIA METALICA - JANELA LINHA 32 PRETA COM VIDRO LISO POR METRO QUADRADO,M2,"1,2","0,0%",825.0,990.0,0.0,0.0,825.0,990.0,Projeto 2 - Ca,11,1,2
114,11.1.3,MKS_COMPOSICOES,COMPOSICAO,CMP_ESQ-MET-JNL-32-VL-M2,ESQUADRIA METALICA - JANELA LINHA 32 PRETA COM VIDRO LISO POR METRO QUADRADO,M2,"1,04","0,0%",825.0,858.0,0.0,0.0,825.0,858.0,Projeto 2 - Ca,11,1,3
115,11.1.4,MKS_COMPOSICOES,COMPOSICAO,CMP_ESQ-MET-JNL-32-VL-M2,ESQUADRIA METALICA - JANELA LINHA 32 PRETA COM VIDRO LISO POR METRO QUADRADO,M2,"3,94","0,0%",825.0,3250.5,0.0,0.0,825.0,3250.5,Projeto 2 - Ca,11,1,4
116,11.1.5,MKS_COMPOSICOES,COMPOSICAO,CMP_ESQ-MET-JNL-32-VL-M2,ESQUADRIA METALICA - JANELA LINHA 32 PRETA COM VIDRO LISO POR METRO QUADRADO,M2,8,"0,0%",825.0,6600.0,0.0,0.0,825.0,6600.0,Projeto 2 - Ca,11,1,5
117,11.1.6,MKS_COMPOSICOES,COMPOSICAO,CMP_ESQ-MET-JNL-32-VL-M2,ESQUADRIA METALICA - JANELA LINHA 32 PRETA COM VIDRO LISO POR METRO QUADRADO,M2,"10,44","0,0%",825.0,8613.0,0.0,0.0,825.0,8613.0,Projeto 2 - Ca,11,1,6
118,11.1.7,MKS_COMPOSICOES,COMPOSICAO,CMP_PAP-AB-25-MI-090X214,PORTA EM ALUMINIO PRETO E VIDRO UMA FOLHA DE ABRIR - 90 X 214,UN,2,"0,0%",1400.0,2800.0,0.0,0.0,1400.0,2800.0,Projeto 2 - Ca,11,1,7
120,11.2.1,MKS_COMPOSICOES,COMPOSICAO,CMP_ESQ-PRT-MAD-070X210-BRC-COR-CPR,PORTA DE CORRER DE MADEIRA SEMI-OCA; 70X210CM; BRANCA; COM PROTECAO CONTRA UMIDADE,UN,2,"0,0%",0.0,0.0,85.0,170.0,85.0,170.0,Projeto 2 - Ca,11,2,1
121,11.2.2,MKS_COMPOSICOES,COMPOSICAO,CMP_ESQ-PRT-MAD-070X210-BRC-SMO-CPR,PORTA INTERNA DE MADEIRA SEMI-OCA; 70X210CM; BRANCA; COM PROTECAO CONTRA UMIDADE,UN,4,"0,0%",809.42,3237.68,150.0,600.0,959.42,3837.68,Projeto 2 - Ca,11,2,2
122,11.2.3,MKS_COMPOSICOES,COMPOSICAO,CMP_ESQ-PRT-MAD-080X210-BRC-SMO,PORTA INTERNA DE MADEIRA SEMI-OCA; 80X210CM; BRANCA,UN,6,"0,0%",834.42,5006.52,150.0,900.0,984.42,5906.52,Projeto 2 - Ca,11,2,3
123,11.2.4,MKS_COMPOSICOES,COMPOSICAO,CMP_ESQ-PRT-MAD-080X210-BRC-MMC-CFR,PORTA EXTERNA DE MADEIRA MACICA; 80X210CM; BRANCA,UN,1,"0,0%",2134.72,2134.72,150.0,150.0,2284.72,2284.72,Projeto 2 - Ca,11,2,4
124,11.2.5,MKS_COMPOSICOES,COMPOSICAO,CMP_ESQ-PRT-MAD-090X210-BRC-MMC-CFR-CKP,PORTA EXTERNA DE MADEIRA MACICA; 90X210CM; BRANCA; COM FRISOS; COM KIT PUXADOR,UN,1,"0,0%",2409.72,2409.72,150.0,150.0,2559.72,2559.72,Projeto 2 - Ca,11,2,5
127,12.1.1,MKS_COMPOSICOES,COMPOSICAO,CMP_PNT-INT-BRC-ACR,PINTURA ACRILICA FOSCA; BRANCO NEVE,M2,"225,37","0,0%",9.99,2250.67,25.0,5634.25,34.99,7884.92,Projeto 2 - Ca,12,1,1
128,12.1.2,MKS_COMPOSICOES,COMPOSICAO,CMP_PNT-INT-BRC-ACR,PINTURA ACRILICA FOSCA; BRANCO NEVE,M2,"3,19","0,0%",9.99,31.86,25.0,79.75,34.99,111.61,Projeto 2 - Ca,12,1,2
129,12.1.3,MKS_COMPOSICOES,COMPOSICAO,CMP_PNT-INT-CCL-ACR,PINTURA ACRILICA FOSCA; CINZA CLARO,M2,"405,56","0,0%",11.37,4611.44,25.0,10139.0,36.37,14750.44,Projeto 2 - Ca,12,1,3
131,12.2.1,MKS_COMPOSICOES,COMPOSICAO,CMP_PNT-EXT-CCL-TXT-PRJ,TEXTURA PROJETADA COR CINZA CLARO,M2,"3,93","0,0%",8.96,35.22,28.0,110.04,36.96,145.26,Projeto 2 - Ca,12,2,1
132,12.2.2,MKS_COMPOSICOES,COMPOSICAO,CMP_PNT-EXT-CCL-TXT-PRJ,TEXTURA PROJETADA COR CINZA CLARO,M2,"617,89","0,0%",8.96,5538.15,28.0,17300.92,36.96,22839.07,Projeto 2 - Ca,12,2,2
133,12.2.3,MKS_COMPOSICOES,COMPOSICAO,CMP_PNT-EXT-CES-TXT-PRJ,TEXTURA PROJETADA COR CINZA ESCURO,M2,"3,16","0,0%",8.96,28.32,28.0,88.48,36.96,116.8,Projeto 2 - Ca,12,2,3
134,12.2.4,MKS_COMPOSICOES,COMPOSICAO,CMP_PNT-EXT-CCL-TXT-PRJ,TEXTURA PROJETADA COR CINZA CLARO,M2,"1,26","0,0%",8.96,11.29,28.0,35.28,36.96,46.57,Projeto 2 - Ca,12,2,4
135,12.2.5,MKS_COMPOSICOES,COMPOSICAO,CMP_PNT-EXT-CMD-TXT-PRJ,TEXTURA PROJETADA COR CINZA MEDIO,M2,"26,4","0,0%",8.96,236.62,28.0,739.2,36.96,975.82,Projeto 2 - Ca,12,2,5
136,12.2.6,MKS_COMPOSICOES,COMPOSICAO,CMP_PNT-EXT-CES-TXT-PRJ,TEXTURA PROJETADA COR CINZA ESCURO,M2,"69,39","0,0%",8.96,621.94,28.0,1942.92,36.96,2564.86,Projeto 2 - Ca,12,2,6
139,13.1.1,MKS_COMPOSICOES,COMPOSICAO,CMP_GAS-ABG,TUBULACAO DE GAS E ABRIGO,UN,"2,5","0,0%",700.0,1750.0,850.0,2125.0,1550.0,3875.0,Projeto 2 - Ca,13,1,1
141,13.2.1,MKS_COMPOSICOES,COMPOSICAO,CMP_ICP-CHR-PMC-065X055,CHURRASQUEIRA PRE MOLDADA DE CONCRETO,UN,1,"0,0%",4535.0,4535.0,0.0,0.0,4535.0,4535.0,Projeto 2 - Ca,13,2,1
143,13.3.1,MKS_COMPOSICOES,COMPOSICAO,CMP_ICP-GDC-INO,GUARDA CORPO INOX 110CM,ML,"10,34","0,0%",1925.0,19904.5,0.0,0.0,1925.0,19904.5,Projeto 2 - Ca,13,3,1
146,14.1.1,MKS_COMPOSICOES,COMPOSICAO,CMP_CAL-INT-CCG,CALCADA INTERNA DE CONCREGRAMA,M2,"38,11","0,0%",191.13,7283.77,35.0,1333.85,226.13,8617.62,Projeto 2 - Ca,14,1,1
148,14.2.1,MKS_COMPOSICOES,COMPOSICAO,CMP_CAL-EXT-PAV,CALCADA DE BLOCO INTERTRAVADO PAVER,M2,"20,97","0,0%",52.45,1099.88,35.0,733.95,87.45,1833.83,Projeto 2 - Ca,14,2,1
150,14.3.1,MKS_COMPOSICOES,COMPOSICAO,CMP_ACB-GRM-ESM,GRAMA ESMERALDA,M2,"98,68","0,0%",16.5,1628.22,0.0,0.0,16.5,1628.22,Projeto 2 - Ca,14,3,1
152,14.4.1,MKS_COMPOSICOES,COMPOSICAO,CMP_LAF-LPZ-FNL-OBR,LIMPEZA FINAL DE OBRA,M2,250,"0,0%",0.0,0.0,11.5,2875.0,11.5,2875.0,Projeto 2 - Ca,14,4,1
155,15.1.1,MKS_COMPOSICOES,COMPOSICAO,CMP_FNO-FOR-ENT,"FORMALIZACAO DA ENTREGA VISTORIA, ACEITE",VB,1,"11,6%",0.0,0.0,1.12,1.12,1.12,1.12,Projeto 2 - Ca,15,1,1
158,16.1.1,MKS_COMPOSICOES,COMPOSICAO,CMP_EPO-TAX-AVR,TAXA AVERBACAO,VB,1,"0,0%",0.0,0.0,502.85,502.85,502.85,502.85,Projeto 2 - Ca,16,1,1
159,16.1.2,MKS_COMPOSICOES,COMPOSICAO,CMP_EPO-TAX-HBT,TAXA HABITE-SE PREFEITURA,VB,1,"0,0%",0.0,0.0,150.0,150.0,150.0,150.0,Projeto 2 - Ca,16,1,2
160,16.1.3,MKS_COMPOSICOES,COMPOSICAO,CMP_EPO-TAX-VCA,TAXA VISTORIA CONCESSIONARIA DE AGUA,VB,1,"0,0%",0.0,0.0,260.0,260.0,260.0,260.0,Projeto 2 - Ca,16,1,3
2,1.1.1,MKS_COMPOSICOES,COMPOSICAO,CMP_INF-SON,SONDAGEM,VB,1,"0,0%",0.0,0.0,3000.0,3000.0,3000.0,3000.0,Projeto 1 - Wa,1,1,1
4,1.2.1,MKS_COMPOSICOES,COMPOSICAO,CMP_INF-LVT,LEVANTAMENTO TOPOGRAFICO,VB,1,"0,0%",0.0,0.0,1200.0,1200.0,1200.0,1200.0,Projeto 1 - Wa,1,2,1
6,1.3.1,MKS_COMPOSICOES,COMPOSICAO,CMP_EPO-TAX-APR,APROVACAO DE PROJETOS E TAXAS,VB,1,"0,0%",0.0,0.0,2000.0,2000.0,2000.0,2000.0,Projeto 1 - Wa,1,3,1
7,1.3.2,MKS_COMPOSICOES,COMPOSICAO,CMP_EPO-TAX-IMP,CUSTOS DE IMPRESAO E PLOTAGEM,VB,1,"0,0%",0.0,0.0,800.0,800.0,800.0,800.0,Projeto 1 - Wa,1,3,2
8,1.3.3,MKS_COMPOSICOES,COMPOSICAO,CMP_EPO-TAX-RRT,TAXA RRT,VB,1,"0,0%",0.0,0.0,108.69,108.69,108.69,108.69,Projeto 1 - Wa,1,3,3
9,1.3.4,MKS_COMPOSICOES,COMPOSICAO,CMP_EPO-TAX-PRT,TAXA PROTOCOLO,VB,1,"0,0%",0.0,0.0,800.0,800.0,800.0,800.0,Projeto 1 - Wa,1,3,4
11,1.4.1,MKS_COMPOSICOES,COMPOSICAO,CMP_EPO-TAX-ART,TAXA ART,VB,2,"0,0%",0.0,0.0,88.78,177.56,88.78,177.56,Projeto 1 - Wa,1,4,1
14,2.1.1,MKS_COMPOSICOES,COMPOSICAO,CMP_TRN-LPZ-CTT,LIMPEZA DA CAMADA VEGETAL DO LOTE,M2,485,"0,0%",0.0,0.0,11.2,5432.0,11.2,5432.0,Projeto 1 - Wa,2,1,1
16,2.2.1,MKS_COMPOSICOES,COMPOSICAO,CMP_CTO-CSM-H20,CONSUMO DE AGUA DURANTE A OBRA,VB,"3,6","0,0%",200.0,720.0,0.0,0.0,200.0,720.0,Projeto 1 - Wa,2,2,1
17,2.2.2,MKS_COMPOSICOES,COMPOSICAO,CMP_CTO-CSM-ELE,CONSUMO DE ENERGIA DURANTE A OBRA,VB,"3,6","0,0%",400.0,1440.0,0.0,0.0,400.0,1440.0,Projeto 1 - Wa,2,2,2
18,2.2.3,MKS_COMPOSICOES,COMPOSICAO,CMP_CTO-BWC-PRV,BANHEIRO PROVISORIO,VB,"3,6","0,0%",0.0,0.0,1500.0,5400.0,1500.0,5400.0,Projeto 1 - Wa,2,2,3
19,2.2.4,MKS_COMPOSICOES,COMPOSICAO,CMP_CTO-CCB-GRS,CACAMBAS E GESTAO DE RESIDUOS,VB,"3,6","0,0%",0.0,0.0,1250.0,4500.0,1250.0,4500.0,Projeto 1 - Wa,2,2,4
20,2.2.5,MKS_COMPOSICOES,COMPOSICAO,CMP_CTO-CON-MTR,CONTAINER PARA MATERIAL,VB,"3,6","0,0%",0.0,0.0,1200.0,4320.0,1200.0,4320.0,Projeto 1 - Wa,2,2,5
21,2.2.6,MKS_COMPOSICOES,COMPOSICAO,CMP_CTO-EPI-5PS,EPI E PEC PARA TIME DE 5 PESSOAS,VB,"3,6","0,0%",0.0,0.0,2000.0,7200.0,2000.0,7200.0,Projeto 1 - Wa,2,2,6
23,2.3.1,MKS_COMPOSICOES,COMPOSICAO,CMP_CTO-TPM,INSTALACAO DE TAPUME,ML,95,"0,0%",95.34,9057.3,11.0,1045.0,106.34,10102.3,Projeto 1 - Wa,2,3,1
25,2.4.1,MKS_COMPOSICOES,COMPOSICAO,CMP_CTO-INS-PLO,INSTALACAO DE PLACA DE OBRA,VB,1,"0,0%",300.0,300.0,0.0,0.0,300.0,300.0,Projeto 1 - Wa,2,4,1
27,2.5.1,MKS_COMPOSICOES,COMPOSICAO,CMP_CTO-CDA-EQM,CONDICAO DE ACESSO DE EQUIPAMENTOS E MATERIAIS,VB,"3,6","0,0%",0.0,0.0,2000.0,7200.0,2000.0,7200.0,Projeto 1 - Wa,2,5,1
29,2.6.1,MKS_COMPOSICOES,COMPOSICAO,CMP_INS-PRV,INSTALACOES PROVISORIAS DE AGUA E ENERGIA,VB,1,"0,0%",0.0,0.0,100.0,100.0,100.0,100.0,Projeto 1 - Wa,2,6,1
32,3.1.1,MKS_COMPOSICOES,COMPOSICAO,CMP_TRN-TER-ATR,ATERRO,M3,384,"0,0%",0.0,0.0,30.84,11841.98,30.84,11841.98,Projeto 1 - Wa,3,1,1
34,3.2.1,MKS_COMPOSICOES,COMPOSICAO,CMP_MUR-CNT-BLA-180,"MURO DE CONTENCAO DE BLOCO APARENTE; H1,8M",ML,"31,72","0,0%",379.66,12042.82,295.0,9357.4,674.66,21400.22,Projeto 1 - Wa,3,2,1
36,3.3.1,MKS_COMPOSICOES,COMPOSICAO,CMP_LIG-INF-CDM-MTS,LIGACOES ELETRICAS E HIDROSSANITARIAS EM CONDOMINIO - METRO QUADRADO,M2,247,"0,0%",44.0,10868.0,35.0,8645.0,79.0,19513.0,Projeto 1 - Wa,3,3,1
37,3.3.2,MKS_COMPOSICOES,COMPOSICAO,CMP_LIG-INF-CDM-UNI,LIGACOES ELETRICAS E HIDROSSANITARIAS EM CONDOMINIO - UNITARIO,VB,1,"0,0%",3500.0,3500.0,0.0,0.0,3500.0,3500.0,Projeto 1 - Wa,3,3,2
39,3.4.1,MKS_COMPOSICOES,COMPOSICAO,CMP_INF-FUN-012-RAD-TEL,CONCRETAGEM DE FUNDACAO DE RADIER COM TELA DE ACO,M2,"237,98","0,0%",126.76,30165.87,85.0,20228.3,211.76,50394.17,Projeto 1 - Wa,3,4,1
41,3.5.1,MKS_COMPOSICOES,COMPOSICAO,CMP_SUP_ESC-CCT-ARM,ESCADA EM CONCRETO ARMADO,ML,"3,22","0,0%",602.87,1941.23,300.0,966.0,902.87,2907.23,Projeto 1 - Wa,3,5,1
43,3.6.1,MKS_COMPOSICOES,COMPOSICAO,CMP_MUR-BLA-260,"MURO DE BLOCO APARENTE; H2,6M",ML,"79,31","0,0%",356.02,28235.6,260.0,20620.6,616.02,48856.2,Projeto 1 - Wa,3,6,1
44,3.6.2,MKS_COMPOSICOES,COMPOSICAO,CMP_REB-MUR,REBOCO DE MURO,M2,"4,68","0,0%",13.84,64.77,25.0,117.0,38.84,181.77,Projeto 1 - Wa,3,6,2
45,3.6.3,MKS_COMPOSICOES,COMPOSICAO,CMP_REB-MUR,REBOCO DE MURO,M2,"410,84","0,0%",13.84,5686.03,25.0,10271.0,38.84,15957.03,Projeto 1 - Wa,3,6,3
46,3.6.4,MKS_COMPOSICOES,COMPOSICAO,CMP_PIN-MUR-TEX,TEXTURA ROLADA PARA MURO - BRANCA,M2,"411,87","0,0%",7.04,2898.33,23.0,9473.01,30.04,12371.34,Projeto 1 - Wa,3,6,4
49,4.1.1,MKS_COMPOSICOES,COMPOSICAO,CMP_SUP-ALV-VED-CER-014,ALVENARIA DE VEDACAO DE BLOCO CERAMICO 014,M2,"129,94","0,0%",134.19,17436.49,80.0,10395.2,214.19,27831.69,Projeto 1 - Wa,4,1,1
50,4.1.2,MKS_COMPOSICOES,COMPOSICAO,CMP_SUP-ALV-VED-CER-009,ALVENARIA DE VEDACAO DE BLOCO CERAMICO 009,M2,"485,92","0,0%",116.57,56646.03,80.0,38873.6,196.57,95519.63,Projeto 1 - Wa,4,1,2
52,4.2.1,MKS_COMPOSICOES,COMPOSICAO,CMP_SUP_LAJ-CON-TRL-012-INC,CONCRETAGEM E DESFORMA - LAJE PRE FABRICADA TRELICADA INCLINADA ATE 2 POR CENTO,M2,"90,96","0,0%",321.84,29274.87,205.0,18646.8,526.84,47921.67,Projeto 1 - Wa,4,2,1
53,4.2.2,MKS_COMPOSICOES,COMPOSICAO,CMP_SUP_LAJ-CON-TRL-012,CONCRETAGEM E DESFORMA - LAJE PRE FABRICADA TRELICADA,M2,"35,64","0,0%",265.31,9455.62,100.0,3564.0,365.31,13019.62,Projeto 1 - Wa,4,2,2
54,4.2.3,MKS_COMPOSICOES,COMPOSICAO,CMP_SUP_LAJ-CON-TRL-012,CONCRETAGEM E DESFORMA - LAJE PRE FABRICADA TRELICADA,M2,"135,52","0,0%",265.31,35954.7,100.0,13552.0,365.31,49506.7,Projeto 1 - Wa,4,2,3
57,5.1.1,MKS_COMPOSICOES,COMPOSICAO,CMP_COB-EST-TLD-CTR-FIB,ESTRUTURA DE TELHADO PARA CASA TERREA COM FIBROCIMENTO,M2,"163,5","0,0%",143.51,23464.29,50.0,8175.0,193.51,31639.29,Projeto 1 - Wa,5,1,1
59,5.2.1,MKS_COMPOSICOES,COMPOSICAO,CMP_COB-CLH-RUF-BRC,CALHAS E RUFOS COM PINTURA ELETROSTATICA COR BRANCO,ML,"0,02","0,0%",121.66,2.43,0.0,0.0,121.66,2.43,Projeto 1 - Wa,5,2,1
60,5.2.2,MKS_COMPOSICOES,COMPOSICAO,CMP_COB-CLH-RUF-BRC,CALHAS E RUFOS COM PINTURA ELETROSTATICA COR BRANCO,ML,3,"0,0%",121.66,364.98,0.0,0.0,121.66,364.98,Projeto 1 - Wa,5,2,2
61,5.2.3,MKS_COMPOSICOES,COMPOSICAO,CMP_COB-CLH-RUF-BRC,CALHAS E RUFOS COM PINTURA ELETROSTATICA COR BRANCO,ML,3,"0,0%",121.66,364.98,0.0,0.0,121.66,364.98,Projeto 1 - Wa,5,2,3
62,5.2.4,MKS_COMPOSICOES,COMPOSICAO,CMP_COB-CLH-RUF-BRC,CALHAS E RUFOS COM PINTURA ELETROSTATICA COR BRANCO,ML,3,"0,0%",121.66,364.98,0.0,0.0,121.66,364.98,Projeto 1 - Wa,5,2,4
63,5.2.5,MKS_COMPOSICOES,COMPOSICAO,CMP_COB-CLH-RUF-BRC,CALHAS E RUFOS COM PINTURA ELETROSTATICA COR BRANCO,ML,"4,7","0,0%",121.66,571.8,0.0,0.0,121.66,571.8,Projeto 1 - Wa,5,2,5
64,5.2.6,MKS_COMPOSICOES,COMPOSICAO,CMP_COB-CLH-RUF-BRC,CALHAS E RUFOS COM PINTURA ELETROSTATICA COR BRANCO,ML,3,"0,0%",121.66,364.98,0.0,0.0,121.66,364.98,Projeto 1 - Wa,5,2,6
65,5.2.7,MKS_COMPOSICOES,COMPOSICAO,CMP_COB-CLH-RUF-BRC,CALHAS E RUFOS COM PINTURA ELETROSTATICA COR BRANCO,ML,"28,31","0,0%",121.66,3444.19,0.0,0.0,121.66,3444.19,Projeto 1 - Wa,5,2,7
66,5.2.8,MKS_COMPOSICOES,COMPOSICAO,CMP_COB-CLH-RUF-BRC,CALHAS E RUFOS COM PINTURA ELETROSTATICA COR BRANCO,ML,"99,08","0,0%",121.66,12054.07,0.0,0.0,121.66,12054.07,Projeto 1 - Wa,5,2,8
69,6.1.1,MKS_COMPOSICOES,COMPOSICAO,CMP_ELE-PAA,INSTALACOES ELETRICAS - PADRAO ALTO,M2,247,"0,0%",69.3,17117.1,35.0,8645.0,104.3,25762.1,Projeto 1 - Wa,6,1,1
71,6.2.1,MKS_COMPOSICOES,COMPOSICAO,CMP_ELE-ACB-PAA,ACABAMENTOS ELETRICOS - PADRAO ALTO,M2,247,"0,0%",26.4,6520.8,12.0,2964.0,38.4,9484.8,Projeto 1 - Wa,6,2,1
74,7.1.1,MKS_COMPOSICOES,COMPOSICAO,CMP_HID-AFR-AQN-ESG,"INSTALACOES DE AGUA FRIA, AGUA QUENTE E ESGOTO",M2,247,"0,0%",93.5,23094.5,35.0,8645.0,128.5,31739.5,Projeto 1 - Wa,7,1,1
76,7.2.1,MKS_COMPOSICOES,COMPOSICAO,CMP_HIS-FQE-ACH-BWC-PAA,ACABAMENTOS HIDROSSANITARIOS NOS BANHEIROS - PADRAO ALTO,UN,5,"0,0%",5165.0,25825.0,180.0,900.0,5345.0,26725.0,Projeto 1 - Wa,7,2,1
77,7.2.2,MKS_COMPOSICOES,COMPOSICAO,CMP_HIS-FQE-ACH-CAS-PAA,ACABAMENTOS HIDROSSANITARIOS NA COZINHA E AREA DE SERVICO - PADRAO ALTO,UN,1,"0,0%",680.0,680.0,0.0,0.0,680.0,680.0,Projeto 1 - Wa,7,2,2
80,8.1.1,MKS_COMPOSICOES,COMPOSICAO,CMP_PIS-CNT-004,CONTRAPISO 4CM,M2,"324,11","0,0%",20.15,6531.17,35.0,11343.85,55.15,17875.02,Projeto 1 - Wa,8,1,1
82,8.2.1,MKS_COMPOSICOES,COMPOSICAO,CMP_PIS-RCR-PRC-090X090-BCL-RTF-PLD-INT,PORCELANATO; 90X90CM; BEGE CLARO; RETIFICADO; POLIDO; REF. INCEPA; AREA SECA; AREA SECA,M2,"140,66","0,0%",255.18,35894.31,88.0,12378.08,343.18,48272.39,Projeto 1 - Wa,8,2,1
83,8.2.2,MKS_COMPOSICOES,COMPOSICAO,CMP_PIS-RCR-PRC-090X090-BCL-RTF-PLD-INT-AUM,PORCELANATO; 90X90CM; BEGE CLARO; RETIFICADO; POLIDO; REF. INCEPA; AREA UMIDA; COM IMPERMEABILIZACAO,M2,"37,23","0,0%",312.09,11619.0,113.0,4206.99,425.09,15825.99,Projeto 1 - Wa,8,2,2
84,8.2.3,MKS_COMPOSICOES,COMPOSICAO,CMP_PIS-RCR-PRC-060X060-CCL-RTF-ACT-EXT,PORCELANATO EXTERNO; 60X60CM; CINZA CLARO; RETIFICADO; ACETINADO; REF. INCEPA; AREA UMIDA; COM IMPERMEABILIZACAO,M2,"119,7","0,0%",264.67,31680.46,69.0,8259.3,333.67,39939.76,Projeto 1 - Wa,8,2,3
86,8.3.1,MKS_COMPOSICOES,COMPOSICAO,CMP_SUP-SOL-PRT-GNT-PSG,SOLEIRA DE PORTA EM GRANITO PRETO SAO GABRIEL,ML,"20,32","0,0%",58.52,1189.13,45.0,914.4,103.52,2103.53,Projeto 1 - Wa,8,3,1
87,8.3.2,MKS_COMPOSICOES,COMPOSICAO,CMP_SUP-SOL-BOX-GNT-CLR,SOLEIRAS DE BOX EM GRANITO DE TONALIDADE CLARA,ML,"5,62","0,0%",19.54,109.79,45.0,252.9,64.54,362.69,Projeto 1 - Wa,8,3,2
90,9.1.1,MKS_COMPOSICOES,COMPOSICAO,CMP_PRD-RBC-1FC-EXT,REBOCO EXTERNO,M2,"17,5","0,0%",26.95,471.63,25.0,437.5,51.95,909.13,Projeto 1 - Wa,9,1,1
91,9.1.2,MKS_COMPOSICOES,COMPOSICAO,CMP_PRD-RBC-1FC-EXT,REBOCO EXTERNO,M2,"517,9","0,0%",26.95,13957.41,25.0,12947.5,51.95,26904.91,Projeto 1 - Wa,9,1,2
92,9.1.3,MKS_COMPOSICOES,COMPOSICAO,CMP_PRD-RBC-1FC,RESTANTE REBOCO INTERNO,M2,"637,6","0,0%",26.95,17183.32,25.0,15940.0,51.95,33123.32,Projeto 1 - Wa,9,1,3
94,9.2.1,MKS_COMPOSICOES,COMPOSICAO,CMP_RVP-INT-RVC-060X030-BRN-RTF-ACT,REVESTIMENTO CERAMICO DE PAREDE; 60X30CM; BRANCO; RETIFICADO; ACETINADO; REF. PORTINARI,M2,"60,31","0,0%",214.77,12952.78,60.0,3618.6,274.77,16571.38,Projeto 1 - Wa,9,2,1
95,9.2.2,MKS_COMPOSICOES,COMPOSICAO,CMP_RVP-INT-PRC-090X090-BGE-RTF-ACT,REVESTIMENTO CERAMICO DE PAREDE; 90X90CM; BEGE; RETIFICADO; POLIDO; REF. INCEPA,M2,"43,01","0,0%",237.33,10207.58,78.0,3354.78,315.33,13562.36,Projeto 1 - Wa,9,2,2
96,9.2.3,MKS_COMPOSICOES,COMPOSICAO,CMP_RVP-INT-PRC-090X090-BGE-RTF-ACT,REVESTIMENTO CERAMICO DE PAREDE; 90X90CM; BEGE; RETIFICADO; POLIDO; REF. INCEPA,M2,"62,67","0,0%",237.33,14873.5,78.0,4888.26,315.33,19761.76,Projeto 1 - Wa,9,2,3
99,10.1.1,MKS_COMPOSICOES,COMPOSICAO,CMP_FOR-GES-OBR-TBC-INT,FORRO DE GESSO  EXECUTADO EM OBRA COM TABICA E CORTINEIRO,M2,"224,4","0,0%",59.06,13253.31,30.0,6732.0,89.06,19985.31,Projeto 1 - Wa,10,1,1
100,10.1.2,MKS_COMPOSICOES,COMPOSICAO,CMP_ESQ-MET-ALC-BRC-60X60,ALCAPAO METALICO BRANCO 60X60,UN,1,"0,0%",150.26,150.26,0.0,0.0,150.26,150.26,Projeto 1 - Wa,10,1,2
103,11.1.1,MKS_COMPOSICOES,COMPOSICAO,CMP_JAP-MX-25-VM-080X078,JANELA EM ALUMINIO PRETO UMA FOLHA MAXIM-AIR MINI BOREAL 80 X 78,UN,3,"0,0%",790.0,2370.0,0.0,0.0,790.0,2370.0,Projeto 1 - Wa,11,1,1
104,11.1.2,MKS_COMPOSICOES,COMPOSICAO,CMP_ESQ-MET-JNL-32-VL-M2,ESQUADRIA METALICA - JANELA LINHA 32 PRETA COM VIDRO LISO POR METRO QUADRADO,M2,"1,87","0,0%",825.0,1542.75,0.0,0.0,825.0,1542.75,Projeto 1 - Wa,11,1,2
105,11.1.3,MKS_COMPOSICOES,COMPOSICAO,CMP_ESQ-MET-JNL-32-VL-M2,ESQUADRIA METALICA - JANELA LINHA 32 PRETA COM VIDRO LISO POR METRO QUADRADO,M2,"1,8","0,0%",825.0,1485.0,0.0,0.0,825.0,1485.0,Projeto 1 - Wa,11,1,3
106,11.1.4,MKS_COMPOSICOES,COMPOSICAO,CMP_ESQ-MET-JNL-32-VL-M2,ESQUADRIA METALICA - JANELA LINHA 32 PRETA COM VIDRO LISO POR METRO QUADRADO,M2,"2,25","0,0%",825.0,1856.25,0.0,0.0,825.0,1856.25,Projeto 1 - Wa,11,1,4
107,11.1.5,MKS_COMPOSICOES,COMPOSICAO,CMP_ESQ-MET-JNL-32-VL-M2,ESQUADRIA METALICA - JANELA LINHA 32 PRETA COM VIDRO LISO POR METRO QUADRADO,M2,"2,73","0,0%",825.0,2252.25,0.0,0.0,825.0,2252.25,Projeto 1 - Wa,11,1,5
108,11.1.6,MKS_COMPOSICOES,COMPOSICAO,CMP_ESQ-MET-JNL-32-VL-M2,ESQUADRIA METALICA - JANELA LINHA 32 PRETA COM VIDRO LISO POR METRO QUADRADO,M2,"3,93","0,0%",825.0,3242.25,0.0,0.0,825.0,3242.25,Projeto 1 - Wa,11,1,6
109,11.1.7,MKS_COMPOSICOES,COMPOSICAO,CMP_ESQ-MET-JNL-32-VL-M2,ESQUADRIA METALICA - JANELA LINHA 32 PRETA COM VIDRO LISO POR METRO QUADRADO,M2,"7,96","0,0%",825.0,6567.0,0.0,0.0,825.0,6567.0,Projeto 1 - Wa,11,1,7
110,11.1.8,MKS_COMPOSICOES,COMPOSICAO,CMP_ESQ-MET-JNL-32-VL-M2,ESQUADRIA METALICA - JANELA LINHA 32 PRETA COM VIDRO LISO POR METRO QUADRADO,M2,8,"0,0%",825.0,6600.0,0.0,0.0,825.0,6600.0,Projeto 1 - Wa,11,1,8
111,11.1.9,MKS_COMPOSICOES,COMPOSICAO,CMP_ESQ-MET-PJT-32-VL-M2,ESQUADRIA METALICA - PORTA JANELA LINHA 32 PRETA COM VIDRO LISO POR METRO QUADRADO,M2,"13,47","0,0%",1085.0,14614.95,0.0,0.0,1085.0,14614.95,Projeto 1 - Wa,11,1,9
112,11.1.10,MKS_COMPOSICOES,COMPOSICAO,CMP_ESQ-MET-PJT-32-VL-M2,ESQUADRIA METALICA - PORTA JANELA LINHA 32 PRETA COM VIDRO LISO POR METRO QUADRADO,M2,"5,4","0,0%",1085.0,5859.0,0.0,0.0,1085.0,5859.0,Projeto 1 - Wa,11,1,10
114,11.2.1,MKS_COMPOSICOES,COMPOSICAO,CMP_ESQ-PRT-MAD-060X210-BRC-SMO-CPR,PORTA INTERNA DE MADEIRA SEMI-OCA; 60X210CM; BRANCA; COM PROTECAO CONTRA UMIDADE,UN,5,"0,0%",804.42,4022.1,150.0,750.0,954.42,4772.1,Projeto 1 - Wa,11,2,1
115,11.2.2,MKS_COMPOSICOES,COMPOSICAO,CMP_ESQ-PRT-MAD-070X210-BRC-SMO-CPR,PORTA INTERNA DE MADEIRA SEMI-OCA; 70X210CM; BRANCA; COM PROTECAO CONTRA UMIDADE,UN,6,"0,0%",809.42,4856.52,150.0,900.0,959.42,5756.52,Projeto 1 - Wa,11,2,2
116,11.2.3,MKS_COMPOSICOES,COMPOSICAO,CMP_ESQ-PRT-MAD-080X210-BRC-MMC-CFR,PORTA EXTERNA DE MADEIRA MACICA; 80X210CM; BRANCA,UN,2,"0,0%",2134.72,4269.44,150.0,300.0,2284.72,4569.44,Projeto 1 - Wa,11,2,3
117,11.2.4,MKS_COMPOSICOES,COMPOSICAO,CMP_ESQ-PRT-MAD-090X210-BRC-MMC-CFR-CKP,PORTA EXTERNA DE MADEIRA MACICA; 90X210CM; BRANCA; COM FRISOS; COM KIT PUXADOR,UN,1,"0,0%",2409.72,2409.72,150.0,150.0,2559.72,2559.72,Projeto 1 - Wa,11,2,4
120,12.1.1,MKS_COMPOSICOES,COMPOSICAO,CMP_PNT-INT-BRC-ACR,PINTURA ACRILICA FOSCA; BRANCO NEVE,M2,"228,35","0,0%",9.99,2280.43,25.0,5708.75,34.99,7989.18,Projeto 1 - Wa,12,1,1
121,12.1.2,MKS_COMPOSICOES,COMPOSICAO,CMP_PNT-INT-CCL-ACR,PINTURA ACRILICA FOSCA; CINZA CLARO,M2,"371,74","0,0%",11.37,4226.89,25.0,9293.5,36.37,13520.39,Projeto 1 - Wa,12,1,2
123,12.2.1,MKS_COMPOSICOES,COMPOSICAO,CMP_PNT-EXT-CCL-TXT-PRJ,TEXTURA PROJETADA COR CINZA CLARO,M2,"12,73","0,0%",8.96,114.1,28.0,356.44,36.96,470.54,Projeto 1 - Wa,12,2,1
124,12.2.2,MKS_COMPOSICOES,COMPOSICAO,CMP_PNT-EXT-CCL-TXT-PRJ,TEXTURA PROJETADA COR CINZA CLARO,M2,"585,15","0,0%",8.96,5244.7,28.0,16384.2,36.96,21628.9,Projeto 1 - Wa,12,2,2
127,13.1.1,MKS_COMPOSICOES,COMPOSICAO,CMP_GAS-ABG,TUBULACAO DE GAS E ABRIGO,UN,2,"0,0%",700.0,1400.0,850.0,1700.0,1550.0,3100.0,Projeto 1 - Wa,13,1,1
129,13.2.1,MKS_COMPOSICOES,COMPOSICAO,CMP_ACB-INT-PRT-GNT-CLR,PRATELEIRA DE BOX EM GRANITO DE TONALIDADE CLARA,ML,"9,56","0,0%",55.0,525.8,45.0,430.2,100.0,956.0,Projeto 1 - Wa,13,2,1
131,13.3.1,MKS_COMPOSICOES,COMPOSICAO,CMP_ICP-PSC-160-GRD,"PISCINA GRANDE H1,60 EM CONCRETO ARMADO IMPERMEABILIZADA COM PASTILHAS SEM EQUIPAMENTOS",M2,"19,83","0,0%",2460.0,48781.8,0.0,0.0,2460.0,48781.8,Projeto 1 - Wa,13,3,1
134,14.1.1,MKS_COMPOSICOES,COMPOSICAO,CMP_CAL-INT-CON,CALCADA INTERNA DE CONCRETO DESEMPENADO,M2,"84,45","0,0%",46.63,3938.11,20.0,1689.0,66.63,5627.11,Projeto 1 - Wa,14,1,1
135,14.1.2,MKS_COMPOSICOES,COMPOSICAO,CMP_CAL-INT-VAS,CALCADA INTERNA DE CONCRETO VASSOURADO,M2,"31,83","0,0%",46.63,1484.31,30.0,954.9,76.63,2439.21,Projeto 1 - Wa,14,1,2
137,14.2.1,MKS_COMPOSICOES,COMPOSICAO,CMP_CAL-EXT-PAV,CALCADA DE BLOCO INTERTRAVADO PAVER,M2,"22,22","0,0%",52.45,1165.44,35.0,777.7,87.45,1943.14,Projeto 1 - Wa,14,2,1
139,14.3.1,MKS_COMPOSICOES,COMPOSICAO,CMP_ACB-GRM-ESM,GRAMA ESMERALDA,M2,"141,03","0,0%",16.5,2327.0,0.0,0.0,16.5,2327.0,Projeto 1 - Wa,14,3,1
140,14.3.2,MKS_COMPOSICOES,COMPOSICAO,CMP_ACB-MUD-IPE,MUDA DE IPE,UN,1,"0,0%",100.0,100.0,0.0,0.0,100.0,100.0,Projeto 1 - Wa,14,3,2
142,14.4.1,MKS_COMPOSICOES,COMPOSICAO,CMP_LAF-LPZ-FNL-OBR,LIMPEZA FINAL DE OBRA,M2,300,"0,0%",0.0,0.0,11.5,3450.0,11.5,3450.0,Projeto 1 - Wa,14,4,1
145,15.1.1,MKS_COMPOSICOES,COMPOSICAO,CMP_FNO-FOR-ENT,"FORMALIZACAO DA ENTREGA VISTORIA, ACEITE",VB,1,"11,6%",0.0,0.0,1.12,1.12,1.12,1.12,Projeto 1 - Wa,15,1,1
148,16.1.1,MKS_COMPOSICOES,COMPOSICAO,CMP_EPO-TAX-AVR,TAXA AVERBACAO,VB,1,"0,0%",0.0,0.0,502.85,502.85,502.85,502.85,Projeto 1 - Wa,16,1,1
149,16.1.2,MKS_COMPOSICOES,COMPOSICAO,CMP_EPO-TAX-HBT,TAXA HABITE-SE PREFEITURA,VB,1,"0,0%",0.0,0.0,150.0,150.0,150.0,150.0,Projeto 1 - Wa,16,1,2
150,16.1.3,MKS_COMPOSICOES,COMPOSICAO,CMP_EPO-TAX-VCA,TAXA VISTORIA CONCESSIONARIA DE AGUA,VB,1,"0,0%",0.0,0.0,260.0,260.0,260.0,260.0,Projeto 1 - Wa,16,1,3
